Módulo,Mês previsto,Data início,Data fim,Tema principal,Descrição,Status,Equipe,Observações internas
1,fev/2027,11/02/2027,13/02/2027,,,Confirmado,"Elber, Thiago, Victor, Ricardo, Luciano, Maryah",
2,mar/2027,18/03/2027,20/03/2027,,,Confirmado,"Thiago, Victor, Ricardo, Luciano",
3,abr/2027,22/04/2027,24/04/2027,,,Confirmado,"Thiago, Victor, Ricardo, Luciano",
4,mai/2027,20/05/2027,22/05/2027,,,A confirmar,"Thiago, Victor, Ricardo, Luciano, Maryah, Giovanna",Grade antiga só tinha 22/05/2026 no DIA 3: ano corrigido para 2027 e dias 1–2 inferidos (20 e 21/05). Confirmar.
5,jun/2027,,,,,A confirmar,"Thiago, Victor, Ricardo, Luciano, Joester, Raquel",
6,jul/2027,,,,,A confirmar,"Thiago, Victor, Ricardo, Luciano",
7,ago/2027,,,,,A confirmar,"Thiago, Victor, Ricardo, Luciano",
8,set/2027,,,,,A confirmar,"Thiago, Victor, Ricardo, Luciano",
9,out/2027,,,,,A confirmar,"Thiago, Victor, Ricardo, Luciano",
10,nov/2027,,,,,A confirmar,"Thiago, Victor, Ricardo, Luciano",Na grade antiga estava numerado como 9 (repetido). Confirmar numeração.
